,x,y,class
685,1.821219711339573,-0.559099021257571,1
703,1.1394491360100427,0.15766234676366792,1
131,0.486669344400795,0.1617275821848912,0
644,0.7154513794463419,-0.7134149293551129,1
628,-0.5004942179339344,-0.026569676421202892,1
518,1.5996530542601326,-0.6676690023730623,1
710,-0.26759922346246556,-0.7074184758772939,1
924,-0.25832133608956953,-0.13977355172634104,1
428,-1.7597095939721905,0.20345379287335746,0
439,-0.8351307542594246,0.7392119343235444,0
73,-1.1796706375066996,0.37622802185961907,0
416,-0.2465000520725008,0.7652136071411422,0
275,-1.2281804446927935,0.71833372398539,0
804,1.2703179091234356,-0.3848163267869075,1
509,1.1040934993921125,-0.3786911663438863,1
13,-0.5988994479964789,0.8039361744781688,0
636,-0.07720036095219662,-1.012215111155331,1
739,0.32650653991378714,-0.6997813314579138,1
377,0.2526669800167489,0.4540843968870831,0
322,0.0916225711200529,0.5050894769070797,0
877,1.348745814261946,-0.44766768643076765,1
773,-0.2932169853709967,0.13249716679080303,1
605,-0.27541624440685264,-0.09990168631879681,1
610,-0.2988240086674524,-0.11304783577004957,1
312,-1.8684320270634744,-0.006100237093313643,0
599,-0.21353004789458108,-0.9697483894808983,1
542,1.6521820146847892,-0.30120832119505686,1
159,-1.2051944351615234,0.5602666464460175,0
764,0.15681683475495678,-0.710388438997422,1
672,0.30661143560402626,-0.5472354538130495,1
14,-0.24736332048957055,0.4955527679242225,0
324,-0.8739908039807096,0.6639023534440129,0
906,1.1092128288256569,-0.7031251072678812,1
225,-0.20780511801070878,0.695190535525162,0
151,-0.05240021782525783,0.673848532960371,0
882,-0.21144602028020887,-0.5965780866916084,1
835,0.12809868062079477,-0.6465386401779876,1
875,0.06415488715072487,-0.3395046352664037,1
870,0.9291088325586921,-0.538107436333847,1
845,-0.20755922728048992,0.11151184644571302,1
106,-0.5057679959932302,0.8673347398179747,0
170,0.3392793394390813,0.14559058403608865,0
873,1.5069061171016622,-0.5846583883179808,1
510,0.6755696990578921,-0.7908590499812207,1
392,0.3225792321246318,-0.2554261723929449,0
354,-0.05352838484359912,0.5825629089955324,0
951,-0.2496819061539527,-0.6738100311360431,1
92,0.08896712357077297,0.6099300537659607,0
760,1.3558115783517501,-0.0974990094565319,1
97,-1.1929129814683495,0.1407814743248354,0
219,0.24111517655800607,0.6987190243383039,0
829,0.9933950953683677,-0.8076547284196178,1
830,0.8079997540014558,-0.6656972644218206,1
341,0.5142878180717994,-0.10015371977922377,0
511,0.6029476661501054,-0.8141540380098162,1
590,-0.2937502401662061,0.16204779022235383,1
101,-0.5445413348029428,0.6960349890401292,0
666,-0.7218707081213052,-0.24894324361551606,1
593,-0.1465564815509961,0.037947576305026376,1
262,0.5694768541742308,0.058250013636883535,0
194,-1.1531687102641337,0.5168037012703002,0
985,0.7458823564237766,-0.4649585573916312,1
890,-0.3334648542791213,0.046276812792629796,1
8,-1.3616375975501098,-0.3117627835505138,0
37,-0.3172390850365598,0.741224958630303,0
306,-1.2967093135515149,0.4630605728546104,0
816,1.3724442436980024,-0.12289696425218993,1
261,-0.10032819075191046,0.6717348415014646,0
925,-0.5536309045745238,-0.12100356192786166,1
869,0.25343110856332046,-0.9774793819849559,1
281,-1.3287348802202867,0.04287788712309931,0
462,0.22942261322311497,0.7667668613806551,0
305,-1.2630227493922859,0.7826363905389204,0
668,0.7713851178195604,-0.4711675933697091,1
429,-0.16889471132563455,0.9407710165014442,0
635,1.121605942038156,-0.7728269927834766,1
417,-1.0323934414486284,0.6679995919922541,0
404,-1.5051549375253086,0.07212442112421152,0
909,-0.41840897363902596,-0.8199697860944852,1
903,1.2547543018098122,-0.6887678658700225,1
770,-0.1120352235020351,-0.2004085749176881,1
957,0.11522813836576556,-0.6963187308608885,1
318,0.24921514323493144,0.061526938821719224,0
738,1.1868796587563655,-0.7565988644350565,1
107,0.46619844175059166,0.3039513616895491,0
406,-0.9424983682202606,0.7674905963750402,0
665,0.7745322657534988,-0.9175711408966869,1
54,-1.2039179929403425,0.17456039377948346,0
788,1.3151438480923716,-0.28408624250236425,1
961,0.2909534769607288,-0.1974671945534608,1
257,0.47745584633354454,0.06411569124899108,0
42,-0.36161247679482983,1.1501224275997453,0
197,-0.3035821328728971,0.38569872744355865,0
223,-1.4227399631842952,0.7419297556804851,0
893,0.7729488512644644,-0.6585468276875872,1
536,-0.057262393931667877,-0.3913457066470532,1
896,0.3526713519708635,-0.8530185123677843,1
576,1.5187453808783848,0.053503879454573494,1
381,0.34932033937200513,0.5769934834817301,0
70,-1.087613074976537,0.4353006326040469,0
844,1.6283227429621439,-0.11637643090940908,1
614,-0.3117705812064858,-0.3653919215182843,1
887,-0.7422112709850301,0.06613514931566306,1
841,0.9757892993005217,-0.06624464779631867,1
135,-1.6230265482476856,-0.06579594570876057,0
723,-0.6603010642199088,-0.29099951980475264,1
411,0.4793953811116407,0.3784493984946548,0
179,-1.2536306342292862,0.16297994444364106,0
862,-0.5188597791460472,-0.12896604901877035,1
696,1.0761990939940709,-0.9230623944337042,1
84,-1.340727802026491,0.8924252584530128,0
963,-0.5906784710287902,0.16781216575076613,1
27,-0.8182228595175254,0.5563657257174577,0
659,0.23402894184637146,-0.9298809094873888,1
438,-0.5680516238883881,0.9016349048386927,0
671,1.5004924681416476,-0.39915922211298066,1
62,-1.1097281218786583,-0.08265679291242661,0
129,0.3560627804980805,0.5865611511122986,0
82,-1.3716561103601004,0.19354596136784807,0
660,0.13094531043782842,-0.9489776516204769,1
506,1.3638900683975859,-0.4910247573590771,1
314,-1.653149897470827,0.5420710983269756,0
717,1.0707605020302777,-0.71519217618945,1
662,-0.7711689820400351,-0.1005585726630504,1
713,-0.43777851231736153,-0.2123938819215468,1
188,-0.5768463408683103,1.0506508450394632,0
772,1.372990550326802,-0.5099459972940124,1
169,-0.05749268482438846,1.2065404890653149,0
140,0.27112671751703676,0.5015048556908153,0
498,-1.571462867493376,-0.25153550347225206,0
351,0.6672841471434472,-0.14842417282104103,0
908,1.7277744922414435,0.18833693831141157,1
77,0.6665789446337667,0.5041950171509655,0
523,0.36449938051021,-0.7530695152542195,1
252,-0.6404542082896003,1.12312626064608,0
633,0.9316040745714071,-0.8933631470470134,1
495,-0.06159337522249936,0.70019214296576,0
350,-0.06602046761786773,0.4608251490199346,0
683,1.1148866854863964,-0.9049959954181086,1
684,-0.6890805195773577,-0.41472935562846897,1
794,1.4146347950660705,-0.21634723033248238,1
727,0.8577711051768344,-1.1201988619197936,1
56,-1.6315184763151562,0.5114042016318316,0
767,-0.02982804834381536,-0.6315326824731111,1
824,-0.570191153572728,-0.5760846537152515,1
640,1.5143840611971617,-0.4296228244712605,1
133,0.00982375752841147,0.10937061869323045,0
808,-0.08648905182415301,-0.3409345159475579,1
16,0.6881644625991066,0.03249537236621722,0
331,-0.04094649488462454,0.3846142490851376,0
554,0.9252487848831918,-0.675568450584547,1
524,-0.7653926745541604,0.4063749769253576,1
944,0.7342014613837301,-0.6163482230965893,1
747,-0.18650294747423646,-0.6815645206679772,1
504,1.5905299095085454,-0.3702928759740944,1
142,-0.5556574724056171,1.3539726141587098,0
949,1.1323386583034836,-0.6639093660645725,1
647,1.473479789581954,-0.3358180728266567,1
283,0.30867896688988605,-0.3214852347727192,0
371,-0.7340864276268054,0.9340780305282095,0
836,0.4531872141442604,-0.705460514481695,1
755,-0.7371086473718766,0.19072444547194461,1
965,1.4324951756990352,-0.31677715580655436,1
379,-1.1465420776034434,-0.05543172433325799,0
505,0.1486401808982123,0.17121415650135724,1
855,-0.6837947402195221,-0.377354651891225,1
566,-0.14246247616933017,-0.39673363255316424,1
66,-0.5077318762180438,0.8467951750620302,0
393,-0.7001996827029481,0.8420394231385535,0
300,-0.10211756654624266,0.4965650260039218,0
441,-1.3215122117728153,0.1730278896227832,0
611,-0.6623249023508393,-0.21508233437917929,1
607,0.35362666480988064,-0.4348812872595665,1
79,-1.4564484603571666,0.19038647663617142,0
810,1.7287585503735294,-0.027604671068433423,1
264,-0.4084279646037171,0.5462534842863489,0
618,-0.22488013753321057,-0.7642439479244914,1
667,1.5140701210020164,-0.6952452177232848,1
401,-1.0987338341568205,0.27733792358391013,0
95,-1.2322610097631925,0.20203382702734018,0
251,0.6066807412771344,-0.0514157858764262,0
454,0.44624614714001165,-0.39203778964645825,0
851,-0.18372966429620452,-0.20490026413900797,1
343,0.07311977797169744,0.7617582385544472,0
675,0.8381453287097751,-0.6689508681829077,1
719,1.0136234321643554,-1.0535693954622782,1
6,-0.7416884744066274,0.5765289045721218,0
953,1.0169905774624477,-0.726923486444035,1
316,-0.8362141225547356,0.6624487740424487,0
790,0.15621717744711583,-0.6766731429680084,1
649,0.8063557526724656,-0.9321052674768764,1
449,-0.9706462570813517,0.9399541785897432,0
347,-1.0864059980680907,0.48978316182979825,0
550,0.5886879805477454,-0.32793770503336633,1
515,-0.09808135511458493,-0.7600145810113592,1
912,-0.13462326957172477,-0.2286943135506322,1
783,0.7580458880766342,-0.4241896930632822,1
551,1.134192421055555,-0.265571607546989,1
955,-0.4973782756186351,-0.25344763279788035,1
125,-0.3484291355411358,0.7370016549638052,0
22,-1.2947398085775559,0.8114451558999096,0
549,1.4740133214604039,-0.006489189467062728,1
513,-0.1666878165941197,-0.4718289345239393,1
10,0.47737681700373624,0.44019813966786964,0
608,1.2580960915286499,-0.2924361722227165,1
624,1.2947716732507162,-0.09698907596530754,1
174,-0.4876304580891638,0.8939300206516274,0
793,1.474773248178375,-0.2853933570849662,1
705,0.4571240266302062,-0.8341279303794886,1
244,-0.5721034790570958,0.6913814445346198,0
534,-0.5940462301817857,-0.005926679360441917,1
385,0.5573264707204222,-0.20112674414949333,0
89,-1.2820059357533071,0.28598467303784036,0
402,-1.242129086469261,-0.08813490451520073,0
491,-0.7024182126739149,0.9968158321999665,0
19,-1.0710204697996524,0.4958766720946181,0
380,-0.2336078915676285,0.35795029116922755,0
535,0.03925891789053604,-0.4935246434476977,1
507,-0.04208020843279936,0.05063230402083149,1
115,0.12660229518911392,0.47860279154915436,0
641,1.2299704076686542,-0.6202123943036988,1
370,-0.8247974855827633,0.6770706592958751,0
420,-0.9029424054526034,0.6863185189642573,0
731,-0.33741104761060103,0.2679689218929486,1
382,0.5051135328523213,0.2754703885792356,0
208,-0.24928187978867494,0.5177096496649807,0
661,1.6513841726304326,-0.029321950584694834,1
769,1.7076538338575395,0.07236604832330595,1
48,0.06714574316946775,0.976662542746515,0
336,-0.9662870820363473,0.8026604983924219,0
156,-0.6823640626110621,0.7543437939505317,0
146,-0.950421161013346,1.2549106298763397,0
212,0.4845116642988022,0.33439941696505665,0
464,-0.8155369221455342,0.8448527399602164,0
269,-0.44539297218471585,0.7328964442153043,0
413,-1.0537673424112293,0.29121252116351876,0
876,0.8873970066914627,-0.6606682271984772,1
555,0.4025391655060976,-0.9082879548197906,1
884,-0.27172327051970746,-0.0289789630588968,1
552,-0.0343752140618615,-0.6926013119946384,1
946,1.2859457861685444,-0.47414048012773574,1
967,0.2523375238792731,-0.764234352882553,1
329,0.5871857123384168,0.04375330921347498,0
881,-0.5764926781586257,-0.15505682825684114,1
320,-1.046684027198555,0.5250808860516771,0
284,-0.5463077453772515,0.9876760837572589,0
763,1.6596389177009714,0.1924073845871821,1
38,-0.7854400777769892,0.32881551122921765,0
469,0.13718929934167245,0.6434564456442866,0
559,0.45055492333072733,-0.7934192558923432,1
815,0.2664746517698766,-0.8302255565832781,1
148,-0.6949299782085134,0.6162651255820388,0
267,0.3471476547691078,0.5142110042664569,0
819,1.368019963786919,-0.10402144289248466,1
157,-1.2877890890249595,-0.491729242459765,0
195,-0.7244552373452406,0.6634759127417358,0
984,0.7398591668629361,-0.6409117648890248,1
81,-1.1839792296898206,0.6879797275762294,0
304,-0.14788715001709873,0.616568326634102,0
966,-0.2846105550375564,0.22093041446322234,1
330,0.4490375907709371,0.3020364736112127,0
579,0.544017682433939,-0.5470495619439073,1
650,1.6625269397916291,-0.2534612957202187,1
776,0.09262997649843085,-0.9149587975910742,1
634,-0.04449056260644446,-0.7798861878012981,1
497,0.5573477685101513,0.08765105330773254,0
991,1.6642987706560768,0.23718655638965397,1
110,-0.7917803497765266,0.22671976865395477,0
626,0.6608613914110009,-0.7707555905945811,1
394,0.2699516524466383,0.007277483112765076,0
253,-0.13730136498190915,0.13337729978171248,0
474,-1.2399483331980217,0.2734729865429842,0
78,0.5281090270838069,-0.599869065222413,0
171,-1.1147703117515366,0.722257752974973,0
137,-0.9444965728347239,0.24191220713716094,0
799,0.3028118669269058,-0.7347826603981344,1
465,-0.15664055921240977,0.8168366508996296,0
585,-0.030771441230673213,-0.8722601023945435,1
105,-0.6503152005784724,0.8220669261554783,0
372,-0.8511220868571161,0.7346413049220804,0
918,1.0847253644104375,-0.3276907647328678,1
112,-0.2161152757977473,0.5021939030425531,0
664,-0.303740389713973,-0.5568717599218513,1
246,-0.30326457007474755,0.5458710294185853,0
651,0.6528418401840591,-0.6479182786359834,1
211,-0.21851337453597397,0.47964876526448713,0
177,-1.2943286483331853,0.2569859018486003,0
317,-0.5247852199545695,0.9472373085911758,0
466,0.2679143205844453,0.768658685628536,0
866,0.4325967965028821,-0.6672870402950566,1
736,0.7855198501564552,-0.5972600303811442,1
198,-0.5968867153300981,0.5901109717828368,0
143,0.2660310507160164,0.4551122281723576,0
168,-1.4078892469000663,0.45382007676033304,0
200,-0.5183248470844702,0.5123557613861043,0
191,0.5741440036232657,-0.27058304088752333,0
979,-0.06034296316711296,-0.39521094046668687,1
757,1.284433020269896,-0.11266962591285684,1
968,0.803592771401876,-0.4704562247109772,1
895,0.14079158362577449,-0.7939652919827473,1
735,1.2039555758363025,-0.22429983749900428,1
915,0.9880988003360263,-0.6597049423386212,1
222,-0.7351437660872627,0.7478755666518966,0
412,-0.24168881676252374,0.2022109823558783,0
693,-0.5550866561571322,-0.5429499164416394,1
165,0.4212294688844712,0.2746973460264413,0
443,-1.0605772567073086,0.3013420011758913,0
615,0.43216640727740396,-0.64015501830445,1
707,1.5391248184047919,0.02951611332984666,1
528,-0.10003294029407994,-0.6062810286544502,1
533,-0.12831982716233692,-0.5510225194870049,1
128,-0.11106749284424716,0.40363897433955537,0
508,0.24101524118429596,-0.49835997354848266,1
598,-0.4537762747222458,0.20763247253422223,1
471,0.08687134981226174,0.44693431517401033,0
858,-0.7501541306525334,-0.12132267483564696,1
344,0.24292633013174614,0.7226151404164767,0
176,-1.448299745051661,-0.29295823862538856,0
959,1.4304432728198502,-0.015013711900838916,1
103,-0.10750008984213966,0.7177404940665952,0
730,0.71302850675075,-0.7460816505187347,1
302,0.4444667305655986,0.7309988148404765,0
444,-0.6133790187478915,0.5979464158782011,0
263,-0.24973015120996672,0.4288543904792285,0
183,0.29239900221536186,0.43078063261406413,0
570,-0.7217069356694132,0.05448146880633656,1
243,-1.5734266377591857,0.6174781663442939,0
325,-0.5957210415477711,1.000598280267524,0
822,1.242968448470236,-0.5768656378756885,1
842,1.4802287180742622,0.401816183890665,1
750,1.2217820013307938,-0.4089592275282879,1
204,-1.481100466985702,0.2926465262232628,0
260,-0.27252084166368973,0.8718660055602234,0
241,-1.533178171185531,-0.059190692387158905,0
809,0.551013450508187,-0.9031342810656404,1
390,-0.07303234287149196,0.48475985802939275,0
837,1.2690675145597976,0.36981403583052896,1
389,-1.6239555984972358,0.4013065724220392,0
604,-0.26982099487093825,-0.17262542830109479,1
287,-0.20049406573542444,0.7547297255105347,0
825,-0.2856540430351031,-0.370909997667995,1
88,-0.6777838363998713,0.9374883337543032,0
332,-1.254194011617391,0.622177070218187,0
323,0.6116426335601501,-0.1897864130340573,0
806,0.49595649277199505,-1.0779937599197462,1
929,1.7034347191881287,-0.19058771002183655,1
405,-0.9311396337696318,0.5462461033992001,0
408,0.558816088372923,-0.14047049078329954,0
490,0.5011090291531617,0.27921446581697834,0
180,-0.10699748956200639,0.6911350087538604,0
434,-1.0441818031540024,0.6334220183267119,0
748,1.0045058225629453,-0.48999434276597714,1
213,-0.6588290628739704,0.9554312853361913,0
369,-1.2845326935603218,0.3138906211377149,0
813,1.350310660697636,0.1282041267040938,1
995,1.4405388057656219,-0.03738577334991805,1
926,1.4610902313940177,-0.5679149695668029,1
999,-0.4098838642386642,-0.20679711066329254,1
993,1.5441385072370537,-0.6508274040894435,1
563,0.3250280677739683,-0.5532727448703842,1
247,0.46054958131789725,0.6998847501791758,0
339,0.2845520227056145,0.08269231488580808,0
421,-0.15347188860126204,0.6559226647135927,0
189,0.5620646429759615,-0.3288708521487197,0
375,-0.8783914163910731,0.7009471575341142,0
376,0.1524350969576609,0.2646016089497329,0
5,-0.14387916325329086,0.9221334062857915,0
901,0.2814471409856703,-0.43910979560448243,1
623,1.6829892152815322,-0.6288436506148805,1
840,0.21368347259463283,-0.5684977953237658,1
30,-1.6414415814118843,-0.4889418221412474,0
900,1.5075804523531129,-0.837108058964195,1
922,1.4359040367168863,-0.30645988989075995,1
917,0.5668390605091668,-0.6888993155848822,1
388,-1.3802567613788845,0.27403069040917477,0
359,-0.7491416177069207,0.5097666910100263,0
919,1.176750628407716,-0.8591294911949074,1
333,0.4955615454115543,0.17002491672824044,0
210,0.13052874522059632,0.5199267363496143,0
181,-1.2045790228422497,0.2990680163840972,0
132,-1.4199107285230697,0.2952257066064555,0
315,-1.1761108164780438,0.3408914996352939,0
357,0.7146379114659784,0.3022389790803827,0
409,-1.2527941156289377,0.15412784679676095,0
935,1.1592559070661421,-0.7779597259710678,1
265,-1.340622141788182,0.25328582479415823,0
645,1.99454097518082,-0.21115622965108888,1
21,-0.5753204288131188,0.7789821570045146,0
242,-0.1794221162196422,0.9789624963215631,0
768,1.1016154176678237,-0.6817833754258695,1
334,-0.6300356046520796,0.6337799898799474,0
712,1.1292777415754733,-0.66032382526618,1
249,-0.6921492014282364,1.1377308580336518,0
960,1.4565265537187468,0.14946773307192668,1
820,0.8174362329448059,-1.1310854946697884,1
120,0.23710714911558473,0.2493785399199162,0
456,-1.3929288990011293,0.6314139571057003,0
860,-0.17241741955133005,-1.0256797247366676,1
308,-0.11948522631357766,0.6927264261504436,0
709,0.7417680414085657,-0.7372512533191744,1
863,1.0000952228052156,-0.3555942984225004,1
631,1.4771122775763148,-0.3089508468674353,1
403,-0.06774944086232793,0.9290084976642492,0
273,-0.3005357362680431,0.757688299494184,0
15,0.4487056680377466,0.2628337360051503,0
571,-0.7762047554348537,0.2730351352948711,1
971,-0.3677849066493971,-0.32301181745003765,1
480,-0.3378509411048696,0.4305511515076587,0
45,-1.8668002898050067,0.09785557681886214,0
368,-1.4199979754861292,0.0716998653412409,0
583,1.7526827964062348,-0.15164104716613974,1
26,-1.4692600572606356,0.4937106799006005,0
59,-0.8634776004815433,0.8286866729057174,0
279,0.29237009700871786,-0.19434847123554566,0
233,-1.6335252055876124,-0.052245928985118484,0
468,-0.00713759471707992,0.9124520777321423,0
814,1.0747778960774221,-0.6947063260787967,1
782,1.0319467739159065,-0.7764837647218985,1
321,0.6647546151266992,-0.0019218215695737118,0
52,-1.5579949313108417,0.19225893215293027,0
451,-0.6261286212626929,0.5660264035657188,0
407,-0.7034300542530798,0.8581750699780675,0
601,1.1586545972008757,-0.6896238450436589,1
473,-1.227137919036547,0.4321136847220029,0
994,-0.01985917673373494,-0.9554478810113705,1
537,1.4813241341344403,0.17141177438348884,1
485,-1.4623208102368435,-0.015692707679199447,0
546,1.0354232540147636,-0.8234941841993897,1
293,-1.150457368884941,0.7197332903967446,0
362,0.27637635038370756,0.5437506831472594,0
501,-0.6878413704508766,-0.09411274746874865,1
702,1.400675316907398,-0.33026002438965546,1
154,-0.5056057819825955,0.6685266707731155,0
796,-0.5111229788664939,0.09754682583125313,1
572,0.6995634679655702,-0.5084661307450884,1
220,-0.034106302713643455,0.5199807277391764,0
297,0.23893559302952294,0.9010681398363383,0
126,-0.772265946521544,1.0850419425421747,0
939,1.17707484479468,-0.5466790486656663,1
108,-0.40041823213093275,0.7128564691547563,0
558,-0.7188590156769992,-0.228857056025141,1
544,0.8470126634167222,-0.7329801688479918,1
345,-1.2695861934658814,-0.25004114254864007,0
779,0.7361848275445486,-0.7053021248731561,1
998,-0.47689955440872145,0.2206317439127784,1
941,0.38296040208355975,-0.5012929711284773,1
880,0.4972006879298602,-1.1320326975188038,1
791,1.108943998936015,-0.7255105947756673,1
160,-0.5599679505059403,1.0580481776789543,0
119,-0.5619067007202208,0.6571166689384453,0
361,-0.2590449745165154,1.0771537038706158,0
823,1.4988943552916576,0.04163603649933331,1
127,-0.5270837213410718,0.3945420768234981,0
218,-0.8757830535982998,0.7055766354182116,0
740,0.9233807830040061,-0.5879202836552058,1
172,0.5096756133453979,0.3859374700594101,0
758,0.19727322313816842,-0.4842389696051503,1
826,0.12590821610078884,-0.8742273146970234,1
784,0.5034058587440118,-0.561149036223721,1
904,-0.2814495165656492,-0.35518836695653383,1
609,0.23736546398726088,-0.6566758402636241,1
530,-0.18628524221679976,-0.4862895309675525,1
278,-1.0600457617966463,0.6418890553171819,0
543,1.3799124115885721,-0.4370825833115763,1
913,0.12410602119207959,-0.47351656109837376,1
775,1.272392533780761,-0.43571709927372154,1
31,-0.42377059387547233,1.051661912277954,0
116,-1.464544317347583,0.24322078494745464,0
477,-1.006510852085277,0.37422400468616707,0
121,0.30988010231211915,0.4555241692984055,0
358,0.6445303235098709,-0.014490619603023253,0
47,0.29335034605936916,-0.09942626753391763,0
236,-0.5043351135585283,0.5874714304276742,0
892,1.3062172016796594,0.007669076215495313,1
123,0.08724812072405852,0.4883850937146325,0
811,1.3424601739100788,-0.570268106292136,1
832,1.6018793137308127,-0.1001033753311345,1
708,-0.06528996546074595,-0.8451130505320361,1
980,-0.5720396889280728,-0.04630918755371283,1
774,-0.4543623239503012,-0.262099248124871,1
630,0.31200119209399035,-0.5854762412443559,1
938,-0.2920012823962682,-0.08038424279746997,1
91,-1.509841031558176,-0.31775691874537815,0
118,0.6582549916687304,0.26507555273912187,0
398,-1.4882669645670337,0.7293164729727977,0
75,-0.8575201474536637,0.36983751639683743,0
818,0.4267385607409905,-0.9397366516209837,1
46,-0.2255838618587918,0.8104945355681916,0
164,0.2495330192919034,0.5762447621530189,0
856,-0.84945392257052,0.31425855451764717,1
144,0.12754880580521066,0.6894564301258999,0
63,0.009444109505877596,1.1236179859332236,0
936,1.4455241637661769,0.5382638795004804,1
373,-0.422890278623778,1.04310570977776,0
326,-0.7883848846933372,0.8022314398834323,0
61,-0.9150546387932528,0.97505168752571,0
745,0.6856209513477363,-0.9505288018292657,1
677,1.1045207503705674,-0.06733045271469534,1
365,-0.8632866604599889,0.7576859632081316,0
215,0.5813235796428351,-0.08215007022785341,0
581,0.7502757045405628,-0.5068768380878736,1
109,-1.45312626880312,-0.2193995381419799,0
237,-0.6068230867600689,0.8813065894804089,0
921,-0.017399597122603083,-0.29528541975767747,1
492,-0.309091957937279,0.9491719262537459,0
981,-0.790273046512167,-0.38568929934998647,1
9,0.32211700331200355,-0.32374489618588986,0
250,-1.5585735358010404,0.28961831301418256,0
296,-1.0056542697809,0.7273725376415836,0
55,-0.6879304414371519,0.9840396789896733,0
934,-0.46046320934548624,-0.4757125618653672,1
562,-0.30513503971755995,-0.4282300751899463,1
595,0.79036629714421,-0.5858255397104997,1
737,0.3651764292201912,-1.0292422937665278,1
977,-0.2038339108840217,-0.5464207074572407,1
532,-0.42008029408094205,-0.0006400803694187607,1
53,0.0948121302385776,0.7131823710159451,0
150,0.20416121229238293,0.6548824626794247,0
744,0.9627341086832409,-0.9624750848097088,1
691,0.13577634956609397,-0.5284574321406181,1
423,0.28271269568006097,-0.12187427122682157,0
600,-0.45484153917295456,0.11387611709816342,1
700,-0.18008901117950427,-0.5881012199941231,1
175,-1.3889253893933606,-0.16588670736540873,0
945,0.10841692277886539,-0.5858917569964428,1
446,-0.48866318478309334,0.6845132580605191,0
363,0.2974586600570973,0.5532031378801567,0
224,-1.5546057889498752,0.35337503025249056,0
905,0.7603774882841854,-0.6084812493715632,1
452,0.6135443013280037,0.2414273007720577,0
972,0.232887441630115,-0.562015045222426,1
430,-1.4325202622006765,0.5133644737850975,0
948,0.5975401510435213,-0.6805573215238627,1
161,0.044036795882609114,0.657444165018144,0
746,0.6476886436505448,-0.7896676485805572,1
850,0.8322557419011993,0.09508077074623617,1
57,-1.1112238090745732,0.4683207695210038,0
653,1.1385131346791624,-1.0030941527296686,1
138,0.15553559935770456,0.5095324808750454,0
526,0.9414016495287478,-0.5807107630094415,1
596,0.2061485522552045,-0.9416571788947226,1
187,0.19378904704601096,0.2590529618884504,0
117,-0.892808488459911,1.084826159137327,0
178,-0.2691041912951118,0.8231454868251042,0
292,-1.8458768077688037,0.15405888887516,0
255,0.3114062314215147,0.5828983125792888,0
396,-1.0873888810064956,0.7285302109489997,0
295,0.3056500647779835,0.31638239577805877,0
512,-0.033035587602609384,-0.6878494071872336,1
616,0.9552200589715478,-0.5505299858631036,1
461,0.2570562805522505,0.5590607974825506,0
715,1.3897212257416087,-0.1569815688128679,1
288,0.9416096427195126,0.2256545613972723,0
591,-0.2745080674889392,-0.6973620327670975,1
111,0.491368019975992,0.02774893634077774,0
759,1.2557332367874983,-0.1894950463068995,1
765,-0.31087284751762057,-0.6633186548833543,1
453,-1.2811749795689922,0.5104238971462212,0
899,0.5934920428355032,-0.6784192844483519,1
989,0.9982202501072504,-0.7337987421799597,1
399,0.6969526936129724,0.5162878658297052,0
458,-0.5917669132497507,0.9437665479821808,0
889,0.4134911340117719,-0.8680328812448868,1
274,-0.7250364566786249,0.9614395043913453,0
539,1.2026082760498369,0.08863799420115881,1
888,1.2602471467599643,0.19450750630395547,1
752,-0.254656301642862,-0.02738628519311348,1
761,0.877631525673113,-0.44179620807781966,1
0,-1.3150595641895357,0.43415748787768055,0
32,0.5198471499373885,0.10785779680032642,0
346,0.018093224975640143,0.7033441652979457,0
545,-0.23956235863261144,-0.1246866438400428,1
488,-1.5497797093836798,0.4762184071886623,0
854,0.35612032554555956,-0.9545615112042474,1
973,1.4077573638205687,0.18161712171545252,1
85,0.15469510503801376,0.5304171645890483,0
226,0.435323779478469,0.40788818242263,0
519,0.4358655265941162,-0.8839464311556704,1
356,-1.1455360042684213,0.598529460750812,0
704,1.1485971101869188,-0.27194869661816734,1
216,0.45568961794665874,0.5160323319745119,0
229,-0.5215931985902125,0.3830351529235318,0
751,-0.22776868545781426,-0.17954754361531972,1
565,-0.5023843920149282,-0.1563368189297129,1
798,-0.15797600413999202,0.06477124805664441,1
603,1.2262209480503778,-0.020042523333409723,1
987,-0.6874808159887185,0.16185102299309934,1
690,0.5989602424381637,-0.7048291014331465,1
25,-1.1130279225282051,0.5588811124317266,0
676,-0.23824216328071657,-0.46733141834773545,1
592,0.9415697184234719,-1.0540732954611463,1
838,1.3220932177317932,-0.21418462808658412,1
69,-0.4580605511994155,0.9750118496665945,0
686,1.1703707759846544,-0.28426186036126183,1
621,0.20088886378149878,-0.6064188196537807,1
400,-1.5038953588600987,0.3727102150420029,0
795,1.1660726600303475,-0.5761659195994011,1
527,-0.4357792476034317,-0.4591398525206927,1
499,-1.6743991422930753,0.050460826036253625,0
277,-1.0393993923906824,0.7831598644345241,0
902,1.353120349774429,-0.2987855885083605,1
584,-0.24095718402458288,-0.5287535721009813,1
852,0.06383774858101021,-0.5368566339958663,1
238,-0.42385277174366065,0.6316364972441604,0
839,0.5900839074894902,-1.0305082180948908,1
974,1.3005272695618428,-0.3890353458704621,1
424,0.15957713343893398,0.7936968989623008,0
487,-1.1298062395618174,0.40723275375119833,0
231,0.24164279903671015,-0.02910187173658854,0
202,-1.6925748262013034,0.11099816710148791,0
352,-0.6068097844890388,0.6183740683325092,0
688,-0.4178738952676143,-0.23543018672901417,1
182,-1.2463033550752403,0.25368741894346064,0
447,0.7208814530703342,-0.4264028762878603,0
846,0.3743280191057268,-0.702130826898232,1
431,0.26610186764027977,0.058686143973581795,0
500,0.6538134548430998,-0.8654704664518802,1
232,0.060003198362601484,0.32565098492252315,0
724,0.6682211934865421,-0.6378773259336536,1
378,0.5524390229501002,-0.19908067922297484,0
657,1.2799153345897925,-0.779075729402672,1
463,-0.08047844942376481,0.4522039624308209,0
299,-1.2124557654745265,0.3295270041790495,0
697,1.5350927946216857,-0.06254196947157348,1
87,-1.4611154294246593,0.14873887614235604,0
587,0.5827830867410781,-0.7806485333392261,1
787,0.33160688517749404,-0.9964845894505949,1
732,0.8614219744618813,-0.5642134066768798,1
687,1.7411682544530254,-0.19832758781924992,1
756,1.3574597009257088,-0.7798778205223071,1
422,0.49809347411210325,0.11427800311943598,0
568,1.4047056744135702,0.20871175047883148,1
268,-1.2097538960875904,0.603311593965588,0
711,0.5167362173343308,-0.7241333358431943,1
694,0.8843263586784184,-0.6846997684190372,1
272,-1.7755637563371298,-0.1449786899737377,0
646,0.7287737254060275,-0.6964021150935851,1
36,0.030572014243107404,0.6663292116529613,0
716,1.4888460543037114,-0.17356506227910362,1
833,1.526051052618566,-0.1512052283419658,1
766,-0.418161095289033,0.0848477227074236,1
911,-0.15144123059754788,-0.8510753229329733,1
199,-1.5612465657428451,-0.0592057218329958,0
319,-1.0736365632605878,0.3128750707398252,0
34,-1.3591593340764305,0.37404282120949955,0
192,0.25393158200510013,0.89711924456114,0
817,1.524065244028251,0.0604740418957381,1
155,0.20807972328313074,0.542093362451975,0
864,1.2241764105003035,-0.5697589054492349,1
578,1.6945047815689582,0.2335211352838794,1
65,-0.13997206859886113,0.3267297630600304,0
525,1.234618638986202,-0.09211875159602284,1
502,-0.4737448997233641,-0.5203505599789038,1
638,1.1470914512921606,-0.3784064239624962,1
437,0.06063860942597632,-0.31325548653597246,0
797,1.457472168942823,0.03979515221822255,1
503,-0.4528873758511025,-0.3692546393875475,1
153,0.38575784387414624,0.30871693925222016,0
258,-0.513659676410624,0.992291884864752,0
58,0.5790058038618531,0.07738231093515913,0
729,-0.10135874921339827,-0.89059442884232,1
802,-0.6357679056065113,-0.2143843242571956,1
234,-1.0493357179521516,0.08184897568798044,0
547,0.09931766241172979,-0.8822000223687179,1
196,-0.012316667373377,0.9266120281655081,0
983,0.3469587621426933,-0.9316181492827753,1
803,1.147350719978727,-0.2890013659942669,1
205,0.6578200248346144,-0.03580764932700925,0
130,0.5283594924171082,0.16204935267100945,0
914,0.9588016704460848,-1.0694579623777054,1
193,-1.5172251180588838,-0.19522609722354545,0
50,0.09960757293821643,0.3389481335655686,0
289,0.38345586993306935,0.12836160168986982,0
588,-0.2327624579256482,0.10046773144214075,1
849,1.5269396379640938,-0.12337066384618817,1
327,-0.1022903219574024,1.0035718337800974,0
203,-0.3514776707237418,0.6120895573976792,0
307,-1.6546150349474913,-0.19315413907281448,0
848,0.7111707247596176,-0.43261405557436067,1
467,-0.5836947557207262,0.5088882312099683,0
98,-1.4027516493944054,-0.5841552801502699,0
67,-0.0712694969292691,0.48769853992048845,0
613,-0.46990147703401275,0.0900157510644051,1
23,0.36961634420539924,0.2732267618774285,0
228,0.14635500586603045,0.31097312024319407,0
786,1.4529417367090955,-0.3760541374633795,1
313,0.2373255865467938,0.6101681698749797,0
472,-0.17776174021712898,0.577684991741009,0
916,1.8559881975002535,-0.338575413439731,1
789,-0.673428478099324,-0.2437664424315421,1
397,-0.5977606509034893,0.7459306858721448,0
51,-1.328603896837866,0.09384939456335051,0
742,0.5967082011799559,-0.7590483533397478,1
898,-0.4490471411572534,-0.4943026057517909,1
489,0.4296935844617745,0.2909086959772214,0
337,-1.3223042497285773,0.2082468930412854,0
741,-0.0832021869083388,-0.9375661004214899,1
807,0.21664195061255143,-0.9366778473232815,1
569,-0.09884240418454082,-0.6217521197610818,1
522,0.1802448256424659,-0.6432165570374322,1
395,0.017325054623077873,0.8155532471694777,0
861,0.07297281294570007,-0.6912982962999523,1
360,-1.5968428591408559,0.5069471801183616,0
433,0.18037049858532506,0.33500036037877384,0
531,0.006836526859428371,-0.7875896367969646,1
943,-0.6860943668807287,-0.20818779973653023,1
962,1.2781402607332377,-0.5516433860743435,1
940,1.4859667616010732,0.3154901077015315,1
484,-1.2629049488832849,0.7396548777066225,0
86,-0.8427414123746702,0.9492278568912174,0
942,1.4625969261675038,-0.12666139527865766,1
445,0.3353681063192091,0.4369039770695821,0
883,0.37530151865951344,-1.2103684960425183,1
254,0.0286274976144284,0.8469870039332024,0
427,-0.001633164175810442,0.5818037573563539,0
309,0.3292339017775948,0.26295783283847923,0
245,-1.6347073610058114,-0.015180071074888751,0
41,-1.6779602860967986,-0.10947028035347012,0
586,0.008321070640878836,-0.6499203293524711,1
214,-1.025729206587052,0.6068001603023359,0
450,-1.3011274937322284,0.14900597073572525,0
801,0.7301853813657018,-0.8635519531524425,1
209,0.44357657279244833,0.10975169299492776,0
637,1.2944792809551375,0.21937003521433396,1
3,-0.6619793046149722,0.45680774483216485,0
556,1.3438534076665736,-0.2936687763269237,1
149,-0.9104085788373067,0.9095792254044597,0
270,-0.06425507756380872,0.5928502040925285,0
364,-0.927900843177716,0.5471017158571696,0
762,1.7138572050015024,0.1767119436298319,1
184,-0.7505239780418864,0.8869629713306628,0
988,1.4635857586337928,0.182531046286246,1
328,-1.047951905853742,-0.18046313233867683,0
20,0.059153769752957386,0.3005171968788532,0
476,-0.7187803013453666,0.6777577184045604,0
996,0.3568030806597297,-0.9918293497518524,1
828,-0.1834635220029699,-0.5911159486362652,1
166,-0.34796859908516575,0.49901701572413076,0
167,-1.6314047129231088,0.25206352950303546,0
907,0.7977407490548989,-0.8397281430815162,1
689,-0.3720109979949191,0.09972229821427311,1
285,-0.5299957346014972,0.652632183737307,0
310,-0.5005493461514811,0.9082269752486707,0
800,1.4175875415659118,-0.49830159308509175,1
606,0.41722617896952174,-0.8363661453733826,1
654,0.4779176825443251,-0.6332646520238983,1
201,0.002286910701604916,0.2601487035827818,0
342,-0.9868917026926557,0.5070312159550807,0
695,0.979978992409922,-0.7746505626330868,1
2,-0.37808000358274857,1.1435575007067347,0
479,-1.5692106906580534,0.23593236635322928,0
60,-0.31479432935386154,0.6918830966730714,0
589,1.4819517601312444,0.443939569882517,1
301,-0.7369077913522895,0.7769533452791983,0
410,-0.7879577601363513,0.3964378832199022,0
692,1.3330121805410076,-0.5055814023615666,1
726,0.6785478348863516,-1.3820505388888573,1
575,1.6481034607485512,0.2005846925749596,1
749,1.3739074071168749,-0.38108511114804183,1
291,-0.49383869352602033,0.7808677299336484,0
975,0.9122724756571086,-0.7023123578234975,1
698,-0.22216118997920908,-0.8809206826384715,1
457,-1.5786487925797041,0.45295699299981246,0
958,-0.6480844768181471,0.08505750716187575,1
271,-0.9384133370739888,0.41441177931093826,0
721,0.10490928002068323,-0.7246913602940563,1
560,1.0978035064942593,-0.026001664967082505,1
594,1.0031464002291492,-0.14641501957793307,1
577,1.199964564471516,-0.5942422703624937,1
529,1.808905587373898,-0.16847371394466587,1
280,-0.2274973467430409,0.5090490607865417,0
933,0.5074371951089841,-0.7908735551845243,1
956,-0.14166466935084077,-0.06873000199916535,1
448,-0.13120605713770284,0.6084520024516029,0
778,-0.39939447853240784,0.13703577533265682,1
701,0.14998067198647952,-0.8283399193634855,1
682,-0.7983198426298626,-0.17479828376356155,1
753,-0.2827839235443529,-0.16292494273228286,1
625,0.5070456695268579,-0.6922404552568318,1
494,0.14641477048675022,0.36904098564830895,0
706,1.1082982987519743,-0.5580452423465636,1
355,0.39655538132974333,0.13602836237470872,0
90,-0.014640154226494895,0.9472312201945883,0
7,0.25011908302257657,0.1882013727317069,0
145,0.28501522202356566,0.5687614691674086,0
891,-0.553653914241508,-0.16315809887916438,1
83,-0.483732347853269,0.48850775494363924,0
952,0.7450229752984703,-1.1128932834705243,1
147,-1.1189806477686355,0.5460974303514876,0
792,1.4010610277576376,0.24750893487570208,1
678,0.38650957104916106,-1.1292369683070205,1
266,-0.2856856570322245,0.8670805307566125,0
879,1.1567410904079563,-0.5548104192813812,1
282,0.24494239292734,-0.026234151744707668,0
781,1.3538079087277441,0.002618863911997421,1
982,-0.6931931710972048,-0.4800744882533338,1
235,-0.038192183656402645,0.49806591303966014,0
821,1.7131197820017516,-0.4481745343395937,1
878,1.2268058512332463,-0.3640002008179019,1
612,0.816310880328861,-0.8286870577762442,1
954,0.4147870878681297,-0.9702345288877687,1
136,-1.4322505214758903,0.011206990620232893,0
643,1.0344010118039166,-0.48126474804462177,1
49,-0.015178067062260492,0.7029393271928752,0
28,-1.7721647937299623,0.030969192835576753,0
673,0.5583572518930547,-0.8983817500951428,1
227,-1.3444521968348253,-0.16484448409766678,0
785,1.2578355625262954,-0.4327500646259497,1
93,-1.546419808194032,0.14308800704041014,0
290,-0.8087257170478692,0.7520135153025778,0
872,0.4458839897639715,-1.192153244569848,1
777,0.11966856337924081,-1.2787321906306637,1
656,1.3924647824783198,-0.5343757073986968,1
655,1.0759337914876221,-0.43812948527410617,1
986,0.5308899038010846,-0.5948474997701751,1
426,0.3842348450766938,0.23975944178734515,0
910,-0.2067355670160539,-1.0098304378253087,1
517,0.5118020063272282,-0.5084314563948775,1
964,0.5616025711307207,-1.1296279678158994,1
897,1.347493230453023,-0.1793636428167497,1
383,-1.1040130895069498,0.5774531466029589,0
894,1.7165071368849394,-0.5403039829823102,1
483,0.22051073598047577,0.07765646016378758,0
516,-0.266674488652911,0.2544180855908482,1
932,1.147731313812865,-0.4089255046836436,1
435,-1.1772569173609089,0.6181705417869185,0
113,-0.5923448281312893,0.7341767149494454,0
39,0.3554020364579693,0.6646853023532118,0
43,-0.9569438277123459,0.7297966225170007,0
827,1.4769877698763012,-0.17912842711618576,1
340,0.5283752201346952,0.1465892770394266,0
567,0.35772465549559485,-0.8441181241724003,1
335,-1.6487664415376795,0.41071853071689074,0
418,-1.190153588786058,0.35926357009879334,0
930,1.179158587760794,-0.21289813352383447,1
436,-0.4656599835441359,0.659958713046656,0
928,-0.06856633613838459,-0.6884046664847583,1
843,1.9176752824714338,-0.31579655936583345,1
459,-1.5295322937444984,0.3537603003503292,0
663,1.3107180087450727,-0.46418715575497677,1
597,0.30574727943584346,-1.2028007426707803,1
206,0.5292630795392799,0.6495851030919879,0
190,-1.2070240627937698,0.5963254010294905,0
298,-0.7828068265145883,0.714271027863147,0
158,-0.9284334376410619,0.5925589494729848,0
221,-0.8836727686291889,1.0606834730702548,0
997,1.4781105999909485,-0.2764343000618414,1
885,1.8947656113030833,-0.04062123869583967,1
141,-1.2487237957348696,0.5412377118211709,0
134,-0.8317296562254415,0.472098517085816,0
482,0.4885020141174896,0.781653907119205,0
185,0.2512556655105128,-0.03328675301238124,0
259,-1.4415306884298076,0.43649881095392956,0
514,0.7813254129859089,-0.9393435004499882,1
561,1.0443279115807047,-0.801845768181338,1
648,0.15031081829598458,-0.8920183588390029,1
868,0.6577957435468902,-0.2703380178244668,1
11,0.03929638282362424,0.5339443398006622,0
582,1.1896820383672346,-0.4704850343035492,1
33,-1.1157899288198327,0.2879092741467468,0
969,1.2994503685724956,-0.6352320557915718,1
674,-0.36633512137790114,-0.2411328293300291,1
276,0.24660028141508739,0.08632512828066202,0
374,-0.9255721302639393,0.6313696741150243,0
652,1.5308163086432651,-0.03265684123834256,1
874,0.020550774223154433,-0.6045639006991703,1
714,0.5945273477753283,-0.3354789791396315,1
442,-0.638637210831887,0.7320276671859614,0
548,0.5586577250368125,-0.6388726910735252,1
681,1.110296984753312,0.2769199632698428,1
71,0.1980422539658344,0.6693464152479975,0
718,-0.614612593212956,-0.07298108509562551,1
478,-0.7935702043205968,0.41803462414627407,0
139,-1.5449350087872453,0.48295319956926624,0
680,1.0160199708982258,-0.5401017621614275,1
248,-0.22763804541196614,0.41403954631686707,0
834,0.2070024454542252,-0.7144830850149375,1
486,-1.4011605390357367,-0.09105796564235408,0
114,-0.7434033908191665,0.616457216282253,0
574,1.1073181906788596,-0.7769598963669941,1
17,-0.9012127802946174,0.2971354038861294,0
557,0.3168398788081256,-0.7815538565294464,1
367,-0.5390503311273886,0.6149105478849983,0
780,-0.12811891908845563,-0.2654094050321128,1
658,1.4655516258355463,-0.4229622075455008,1
207,-0.26847720248225304,0.7536095367044793,0
853,-0.011568449582036844,-0.47256844614724197,1
24,-0.0014163493629320012,0.5319833286029996,0
728,1.4103966934444705,0.21003018275540658,1
927,1.7663276003489203,-0.25146113786378876,1
162,-0.7681601293346249,0.5479285926286919,0
886,1.4842842249177595,-0.794258351994658,1
617,-0.501728383080732,-0.4255649841995102,1
173,-0.3056353878917717,0.7175199825729934,0
620,1.0382036221040372,-0.6959705667910068,1
230,-1.3991795098772428,0.851719189482703,0
94,0.010661793126124142,-0.1394817490066137,0
564,0.6376674877740962,-0.5992226862080094,1
163,0.36559078914268206,-0.08003695606503947,0
493,-1.5005248188095237,-0.34604873642872636,0
619,1.2424777816275525,-0.7706253614389986,1
100,-0.5296071209083473,0.826565440934939,0
415,-1.0687222786226986,0.5873789767404276,0
460,-1.7674146665750123,-0.20637362257023317,0
629,1.0176796749055765,-0.3353789055393334,1
699,-0.3051784601577183,-0.24429278460277115,1
384,-1.1621224780116144,0.8556434533781208,0
414,0.5343036226592255,-0.1748132644130282,0
871,0.6935210548722934,-1.0029474884780345,1
432,-1.3700895208053319,0.5382737308785568,0
470,-1.231616074837691,0.24369487263591766,0
573,-0.28530160199298515,-0.009241261457836464,1
642,1.1917055372238536,-0.34209074324173055,1
104,0.2884496137241831,0.5200777784996227,0
152,-1.3156713274315468,0.510584299559524,0
72,0.338635727956655,0.7683009908259824,0
338,-1.5378010961102546,0.2366779065153704,0
950,-0.6205011403876302,-0.24443595226486098,1
80,0.25130867664295353,0.38559032292486056,0
311,-1.3038705999964044,0.8542051458305859,0
425,-0.24495751051396752,0.7206514282713523,0
419,-1.2178780418671904,0.30583964418019277,0
353,-0.03917826999067825,0.4435331161941119,0
992,1.0336917816085816,-0.4943635918547728,1
455,-1.0114724910392643,0.7953588229386817,0
240,0.5493935557025784,0.7693804416119872,0
812,0.5041450868569569,-0.7676635657993549,1
580,1.0484895112712889,-0.9587345088403423,1
186,-1.1073705075367801,0.6335086833440455,0
29,-1.2194508400986805,0.5489462395351992,0
720,-0.24052909535121103,-0.6962954749623302,1
867,-0.09762205171080074,-0.5558243420812663,1
976,1.4025421918032952,-0.7751253700774767,1
44,-0.5395440918094873,0.8828001593692212,0
541,1.729960499216228,0.4369404142103571,1
520,1.1891570767839528,-0.6902695571605209,1
74,0.22109476310253928,0.5358937850482808,0
679,0.894205388096204,-0.8426010311489989,1
847,-0.1902747249480734,-0.2894513489589616,1
859,-0.24663124525852465,-0.0451392877766324,1
521,-0.19402097405037222,-0.26288458446957447,1
256,-1.4856160578842086,0.8506334980469272,0
217,-0.7738593035252472,0.7751497910898453,0
865,0.20408896928557146,-0.9280549482502554,1
538,1.5913921468085725,0.28987241880247977,1
4,0.3202981113756076,0.6073698660887477,0
602,1.0262151254509693,-0.9347006922203978,1
931,0.7753926895241107,-0.8240645508726205,1
366,0.1545571472729974,0.5732902667862672,0
239,0.13871124873587015,1.0436041792449517,0
64,-0.9504777476654955,0.8302147037145171,0
35,-1.4131559661876638,-0.1580199535063874,0
670,-0.008220625920740243,-0.7329218109707889,1
627,1.6396264353949057,-0.3477930391787421,1
440,-1.3653670568200942,0.3613657995830179,0
124,-1.5012579508167212,-0.2571166598244293,0
754,-0.4520058963175113,-0.034287248050837243,1
286,0.04823056021910299,0.694580172470715,0
294,-1.336778682542038,0.16513616505898981,0
725,0.36488408217120377,-0.9017258732517439,1
76,-1.178119950446494,0.42489043749745176,0
553,-0.12982482288277275,-1.006105411174911,1
496,-1.4245378940331632,0.3504760189811073,0
68,-0.8851033578149431,0.2570539252867567,0
805,0.08464464918972797,-0.7060112862826389,1
632,-0.29445154318412115,-0.4574891166243324,1
923,1.1407397198254938,-0.6336758873823949,1
391,-1.5284444332656473,0.3174138579360762,0
99,0.2041821498455495,0.6403135223834511,0
40,-0.0006222903557870918,0.7095194373585081,0
386,-0.8880850469053095,0.8597551569902955,0
639,0.7341806153531915,-0.40994090745553174,1
387,-1.2633691231176067,0.442788624968906,0
722,0.8429671802446231,-0.6738925161919092,1
733,1.4743493018467384,-0.06814491678613882,1
937,1.7767539139287416,0.13927926309437827,1
122,0.3588385738069584,0.5486692643002298,0
990,-0.5737791012637199,0.025742485072324794,1
622,1.7794718646875376,0.23066282183351927,1
734,1.1250452311655823,-0.7445507558485305,1
349,0.5320869096343601,0.03444038088438833,0
475,0.5999314906327691,0.014672352373160669,0
970,-0.4920124902163848,-0.45272473967491317,1
303,-1.1926677707375606,0.2809025665327541,0
540,1.7329155472655358,-0.11474929157935637,1
102,-1.325503024443897,-0.21636381185063794,0
481,-0.3182738623231627,1.0479125310534698,0
831,1.4371515398828412,0.1686584097684149,1
920,-0.1353569176362137,-0.9013596925633081,1
947,1.5180336499236862,0.04942921730103189,1
857,-0.6792828334714236,-0.3527685820667474,1
771,1.595359211328362,0.028041987369565702,1
96,-1.4067935792519077,0.09504834084827785,0
12,-0.9649778199184412,0.5077785735330067,0
348,-1.3438356765636799,0.06395551803155303,0
1,0.44528058269928006,0.5950754260732272,0
743,1.748442847400069,-0.34861736154244566,1
18,-0.4283349561104449,0.4263895620795088,0
978,0.4774591708140889,-0.9086341015732933,1
669,-0.6547667584877723,-0.1201568754555063,1
